<?xml version="1.0" encoding="UTF-8"?>
<branch addr="B700000018AE3212" >
     <label>Hub Switch #1</label>
     <channel>1</channel>
     <init>0</init>
     <cluster name="1-Wire Weather Station #2">
          <sensor addr="E200000006283826" type="Thermal">
               <label>Outdoor Temperature</label>
          </sensor>
          <branch addr="77000000023CEC12" >
               <label>Wind Vane Switch</label>
               <channel>1</channel>
               <init>0</init>
               <sensor addr="0E00000200522401" type="Contact">
                    <label>North Wind</label>
                    <max>Making contact</max>
                    <min>No contact</min>
               </sensor>
          </branch>
     </cluster>
</branch>